world,optimiser_name,outcome,rollout_times,planning_time,model_reduction_time,iterations
rtc_1.xml,NMR,SUCCESS,"[[12.984354257583618, 12.832661390304565, 13.283084392547607, 13.258850574493408, 12.885706663131714, 13.023563146591187]]",79.63346362113950,0,[6]
rtc_1.xml,OCMR2-G3,SUCCESS,"[[3.683342933654785, 3.6275548934936523, 3.814664125442505, 3.7297935485839844]]",16.525097370147700,0.6246860027313230,[4]
rtc_1.xml,OCMR2-G5,SUCCESS,"[[4.141374826431274, 4.058823108673096, 4.3543701171875, 4.297030448913574, 4.2588112354278564], [5.898611307144165, 6.195149660110474, 6.095975875854492, 5.990695476531982], [7.686279058456421, 8.079763650894165, 7.7937331199646], [13.560281753540039]]",91.51555323600770,1.7857718467712400,"[5, 4, 3, 1]"
rtc_1.xml,OCMR2-G10,SUCCESS,"[[5.726135730743408, 5.956779718399048, 6.1527135372161865, 5.886621952056885], [13.16451907157898, 13.788389205932617]]",55.6145703792572,0.6254920959472660,"[4, 2]"
rtc_1.xml,NMR,SUCCESS,"[[13.131941795349121, 13.132307767868042, 13.814571857452393, 13.440219163894653, 13.3170485496521]]",68.23087644577030,0,[5]
rtc_1.xml,OCMR2-G3,SUCCESS,"[[3.6629655361175537, 3.628490447998047, 3.7843658924102783, 3.773937463760376, 3.646364212036133], [4.635323762893677], [5.659512519836426]]",34.353217363357500,1.8918275833129900,"[5, 1, 1]"
rtc_1.xml,OCMR2-G5,SUCCESS,"[[4.22310471534729, 4.15492844581604, 4.417279005050659, 4.358476161956787, 4.2049949169158936]]",23.15535068511960,0.6304845809936520,[5]
rtc_1.xml,OCMR2-G10,SUCCESS,"[[5.853734731674194, 5.9057722091674805, 6.170105695724487, 5.894639015197754], [12.977206230163574]]",41.57542848587040,0.6103229522705080,"[4, 1]"
rtc_1.xml,NMR,SUCCESS,"[[12.87537693977356, 12.927592754364014, 13.31035852432251, 13.52136754989624, 13.00260615348816]]",67.00807309150700,0,[5]
rtc_1.xml,OCMR2-G3,SUCCESS,"[[3.7320079803466797, 3.648498058319092, 3.754241466522217, 3.6980514526367188, 3.6103148460388184], [0.0], [5.925275564193726], [6.917122840881348]]",38.945473432540900,2.504446029663090,"[5, 0, 1, 1]"
rtc_1.xml,OCMR2-G5,SUCCESS,"[[4.0169477462768555, 4.025225877761841, 4.2026448249816895], [6.1443188190460205, 6.05048131942749, 6.044836759567261, 6.113468170166016], [8.025585174560547]]",50.84848165512090,1.8058249950408900,"[3, 4, 1]"
rtc_1.xml,OCMR2-G10,SUCCESS,"[[5.820558547973633, 5.9258575439453125, 6.015996217727661, 5.87203311920166], [13.073960065841675, 13.658769845962524]]",55.22513484954830,0.6332581043243410,"[4, 2]"
rtc_1.xml,NMR,SUCCESS,"[[12.93560791015625, 12.974632501602173, 13.622355222702026, 13.648723840713501]]",54.545506954193100,0,[4]
rtc_1.xml,OCMR2-G3,SUCCESS,"[[3.757730007171631, 3.699286699295044, 3.7664904594421387, 3.738088369369507, 3.78316330909729, 3.6930079460144043], [4.608885288238525], [5.625579595565796], [6.83830714225769, 6.941354274749756]]",54.052849531173700,2.406125545501710,"[6, 1, 1, 2]"
rtc_1.xml,OCMR2-G5,SUCCESS,"[[4.180183172225952, 4.17688512802124, 4.381281137466431], [6.136836767196655]]",22.791166067123400,1.2502646446228000,"[3, 1]"
rtc_1.xml,OCMR2-G10,SUCCESS,"[[5.75250506401062, 5.856786012649536, 6.000534534454346, 5.824942350387573]]",25.46351981163030,0.6074953079223630,[4]
rtc_1.xml,NMR,SUCCESS,"[[12.986775636672974, 12.99459719657898, 13.617498397827148, 13.512144088745117, 13.510656356811523, 13.574162721633911, 13.73717999458313, 13.887613534927368]]",109.21410059928900,0,[8]
rtc_1.xml,OCMR2-G3,SUCCESS,"[[3.7227678298950195, 3.6136765480041504, 3.8428053855895996, 3.7489256858825684], [0.0], [5.790855884552002]]",26.166404008865400,1.8362791538238500,"[4, 0, 1]"
rtc_1.xml,OCMR2-G5,SUCCESS,"[[4.0875327587127686, 4.154803276062012, 4.355716943740845]]",14.405152082443200,0.6352443695068360,[3]
rtc_1.xml,OCMR2-G10,SUCCESS,"[[5.822427034378052, 6.061251640319824, 6.189171075820923, 5.921543121337891]]",26.07426118850710,0.6121952533721920,[4]
rtc_1.xml,NMR,SUCCESS,"[[12.944085597991943, 12.933627605438232, 13.407581090927124, 13.14864468574524, 12.7791907787323]]",66.59063935279850,0,[5]
rtc_1.xml,OCMR2-G3,SUCCESS,"[[3.7127022743225098, 3.628959894180298, 3.599763870239258, 3.754851818084717, 3.6224989891052246, 3.6406161785125732]]",23.67188596725460,0.6244080066680910,[6]
rtc_1.xml,OCMR2-G5,SUCCESS,"[[4.109065294265747, 4.102059364318848, 4.331237077713013, 4.304461717605591, 4.093455076217651], [5.91635799407959, 6.014349460601807, 6.02463698387146], [0.0], [13.235374450683594]]",60.978996992111200,1.80147385597229,"[5, 3, 0, 1]"
rtc_1.xml,OCMR2-G10,SUCCESS,"[[5.797044515609741, 6.002620220184326, 6.177006959915161, 5.9230568408966064], [13.18202018737793, 13.391286849975586, 13.110551595687866, 13.328913688659668, 13.438951015472412, 13.455210447311401]]",108.6942777633670,0.63423752784729,"[4, 6]"
rtc_1.xml,NMR,SUCCESS,"[[13.041779518127441, 12.968337535858154, 13.805647134780884, 13.623252630233765, 13.671635627746582]]",68.48566436767580,0,[5]
rtc_1.xml,OCMR2-G3,SUCCESS,"[[3.706530809402466, 3.6466729640960693, 3.856590509414673, 3.7462244033813477, 3.606027841567993, 3.693603992462158], [0.0], [5.654223442077637]]",33.37897348403930,1.834763526916500,"[6, 0, 1]"
rtc_1.xml,OCMR2-G5,SUCCESS,"[[4.186361312866211, 4.055085182189941, 4.328800678253174, 4.285637855529785, 4.1319420337677], [6.010309219360352]]",30.80855131149290,1.2379579544067400,"[5, 1]"
rtc_1.xml,OCMR2-G10,SUCCESS,"[[5.865558624267578, 6.001504898071289, 6.1433210372924805, 5.922932147979736], [13.368656158447266, 13.853095293045044, 13.616880655288696, 13.61544394493103]]",83.37240052223210,0.6381311416625980,"[4, 4]"
rtc_1.xml,NMR,SUCCESS,"[[12.901504278182983, 13.042327880859375, 13.78772234916687, 13.667160749435425, 13.557253360748291]]",68.34367346763610,0,[5]
rtc_1.xml,OCMR2-G3,SUCCESS,"[[3.7251267433166504, 3.582115650177002, 3.8202977180480957, 3.744194269180298], [4.666166067123413], [5.6998937129974365, 5.765238046646118]]",36.59291458129880,1.8898465633392300,"[4, 1, 2]"
rtc_1.xml,OCMR2-G5,SUCCESS,"[[4.105774164199829, 4.117375373840332, 4.316210031509399, 4.258908033370972, 4.087387323379517], [5.805085897445679, 6.055932283401489, 6.255491495132446]]",42.75799202919010,1.1918323040008500,"[5, 3]"
rtc_1.xml,OCMR2-G10,SUCCESS,"[[5.871142625808716, 6.050562381744385, 6.275597333908081, 6.035159111022949], [13.167510032653809, 13.406455755233765, 13.187789678573608, 13.175420999526978, 13.163241386413574, 13.470022916793823, 13.566499471664429, 13.430240869522095, 13.192556142807007, 13.33762526512146]]",162.27371907234200,0.6205003261566160,"[4, 10]"
rtc_1.xml,NMR,SUCCESS,"[[12.893777847290039, 13.0853431224823, 13.37938928604126, 13.532927751541138]]",54.25089645385740,0,[4]
rtc_1.xml,NMR,SUCCESS,"[[12.97335696220398, 13.015802383422852, 13.140717267990112, 13.534040451049805, 13.09358811378479, 13.244704246520996, 13.59762167930603, 13.765440464019775]]",107.76218914985700,0,[8]
rtc_1.xml,OCMR2-G3,SUCCESS,"[[3.6819801330566406, 3.586747407913208, 3.7247273921966553, 3.7876501083374023, 3.6332292556762695, 3.6815929412841797], [4.578435897827148, 4.667662620544434], [5.739573240280151, 5.88778829574585]]",48.484641313552900,1.8284125328064000,"[6, 2, 2]"
rtc_1.xml,OCMR2-G5,SUCCESS,"[[4.264348030090332, 4.258901119232178, 4.4823503494262695, 4.3824968338012695, 4.2651731967926025], [5.9779157638549805, 6.151362419128418], [7.932026147842407, 7.6831581592559814]]",55.49706673622130,1.8250184059143100,"[5, 2, 2]"
rtc_1.xml,OCMR2-G10,SUCCESS,"[[5.892375230789185, 5.969748258590698, 6.263387680053711, 6.022362232208252], [13.36130666732788, 13.842618227005005, 13.420285701751709, 13.567927598953247, 13.645395517349243, 14.120691537857056]]",111.10911011695900,0.6217405796051030,"[4, 6]"
rtc_1.xml,NMR,SUCCESS,"[[13.049204111099243, 13.049903154373169, 13.632993459701538, 13.600897073745728, 13.493441343307495]]",68.20806622505190,0,[5]
rtc_1.xml,OCMR2-G3,SUCCESS,"[[3.6666486263275146, 3.655081272125244, 3.6148476600646973], [4.737077951431274], [5.722562313079834]]",26.829224824905400,1.8294177055358900,"[3, 1, 1]"
rtc_1.xml,OCMR2-G5,SUCCESS,"[[4.216497898101807, 4.174929141998291, 4.4243481159210205], [6.116803884506226], [7.965540647506714, 7.696375370025635], [13.312861204147339]]",56.786091804504400,1.8083014488220200,"[3, 1, 2, 1]"
rtc_1.xml,OCMR2-G10,SUCCESS,"[[5.94303297996521, 5.974411487579346, 6.147401571273804, 5.992933511734009], [13.41930365562439, 13.742686033248901]]",56.08889389038090,0.6311771869659420,"[4, 2]"
rtc_1.xml,NMR,SUCCESS,"[[13.169201850891113, 12.936117172241211, 13.180506467819214, 13.280328035354614, 13.278075218200684, 13.195902824401855]]",80.40737581253050,0,[6]
rtc_1.xml,OCMR2-G3,SUCCESS,"[[3.7592923641204834, 3.6518938541412354, 3.8429534435272217, 3.8332691192626953, 3.7092974185943604, 3.8205745220184326], [0.0], [5.869390964508057, 5.721674680709839, 5.910717487335205, 5.932682991027832]]",51.631245613098100,1.9290542602539100,"[6, 0, 4]"
rtc_1.xml,OCMR2-G5,SUCCESS,"[[4.254679918289185, 4.13834810256958, 4.475810527801514, 4.347668886184692, 4.219821929931641], [5.849431276321411, 6.3205626010894775, 6.0748748779296875, 5.886437654495239]]",49.36068415641790,1.226102352142330,"[5, 4]"
rtc_1.xml,OCMR2-G10,SUCCESS,"[[5.796704292297363, 6.0009801387786865, 6.176086664199829, 5.966868162155151], [13.397477149963379, 13.551605224609375, 13.302796840667725]]",69.14086580276490,0.6348185539245610,"[4, 3]"
rtc_1.xml,NMR,SUCCESS,"[[12.98489761352539, 12.836969375610352, 13.25093388557434, 13.513153076171875, 13.050859928131104, 13.106971740722656, 13.360557794570923]]",93.49114346504210,0,[7]
rtc_1.xml,OCMR2-G3,SUCCESS,"[[3.725970506668091, 3.6525144577026367, 3.8101892471313477, 3.8363771438598633], [4.777468204498291]]",23.431257486343400,1.3035736083984400,"[4, 1]"
rtc_1.xml,OCMR2-G5,SUCCESS,"[[4.275178670883179, 4.180644989013672, 4.313971281051636, 4.409382581710815, 4.224178791046143]]",23.262897968292200,0.6400744915008550,[5]
rtc_1.xml,OCMR2-G10,SUCCESS,"[[5.884889364242554, 5.9021995067596436, 6.014783143997192, 6.086057424545288], [13.501826047897339, 13.80858063697815]]",56.04218673706060,0.623117208480835,"[4, 2]"
rtc_1.xml,NMR,SUCCESS,"[[13.064613580703735, 12.870205163955688, 13.258018255233765, 13.615729093551636, 13.29068112373352, 13.437599420547485]]",80.9141218662262,0,[6]
rtc_1.xml,OCMR2-G3,SUCCESS,"[[3.7176403999328613, 3.628093719482422, 3.7217650413513184, 3.746241569519043, 3.692765712738037, 3.5992369651794434], [4.653541088104248], [5.6461498737335205], [6.8312788009643555]]",46.84555172920230,2.4064114093780500,"[6, 1, 1, 1]"
rtc_1.xml,OCMR2-G5,SUCCESS,"[[4.151747941970825, 4.010117769241333, 4.3058531284332275, 4.181597948074341, 4.124994993209839], [5.985855579376221, 6.20086407661438, 6.078355312347412], [0.0], [0.0]]",47.82340884208680,1.803234577178960,"[5, 3, 0, 0]"
rtc_1.xml,OCMR2-G10,SUCCESS,"[[5.859520673751831, 6.065764904022217, 6.1877827644348145, 5.851590871810913], [13.205112934112549, 13.58032488822937, 13.377904415130615]]",68.91809344291690,0.6307237148284910,"[4, 3]"
rtc_3.xml,OCMR2-G10,SUCCESS,[[5.569505214691162]],7.528297424316410,0.6371917724609380,[1]
rtc_2.xml,NMR,SUCCESS,[[13.60909104347229]],15.054439783096300,0,[1]
rtc_2.xml,OCMR2-G3,SUCCESS,"[[3.6541075706481934, 3.5740084648132324, 3.7248077392578125, 3.6791181564331055, 3.552321195602417]]",19.908435106277500,0.6917910575866700,[5]
rtc_2.xml,OCMR2-G5,SUCCESS,"[[4.154412746429443, 4.094947338104248, 4.394307851791382, 4.276662111282349, 4.189603328704834], [6.0893919467926025, 6.164548635482788, 6.227511644363403, 6.107247591018677], [8.07353687286377]]",60.05962920188900,1.981208324432370,"[5, 4, 1]"
rtc_2.xml,OCMR2-G10,SUCCESS,"[[5.909080505371094, 6.018742799758911, 6.271664381027222]]",20.310115098953200,0.7066419124603270,[3]
rtc_2.xml,NMR,SUCCESS,[[13.690287590026855]],15.130370140075700,0,[1]
rtc_2.xml,OCMR2-G3,SUCCESS,"[[3.638071060180664, 3.6276445388793945, 3.817673921585083]]",12.83329725265500,0.6835923194885250,[3]
rtc_2.xml,OCMR2-G5,SUCCESS,"[[4.124580383300781, 4.034250736236572, 4.263793706893921, 4.327582836151123, 4.13892674446106], [6.049554347991943, 6.175964593887329, 6.123614072799683, 6.021765947341919]]",49.174816608429000,1.345085620880130,"[5, 4]"
rtc_2.xml,OCMR2-G10,SUCCESS,"[[5.910556316375732, 5.947075843811035, 6.13554835319519]]",20.084471464157100,0.6878793239593510,[3]
rtc_2.xml,NMR,SUCCESS,"[[13.471549987792969, 13.563487529754639]]",28.472532987594600,0,[2]
rtc_2.xml,OCMR2-G3,SUCCESS,"[[3.7727625370025635, 3.6558523178100586, 3.7535078525543213, 3.75624680519104]]",16.638289213180500,0.6901943683624270,[4]
rtc_2.xml,OCMR2-G5,SUCCESS,"[[4.24496054649353, 4.1075005531311035, 4.390262842178345, 4.2619240283966064, 4.221832990646362], [0.0], [8.386089324951172]]",36.069307804107700,2.0817677974700900,"[5, 0, 1]"
rtc_2.xml,OCMR2-G10,SUCCESS,"[[5.8339245319366455, 6.030790090560913]]",13.965481996536300,0.6813235282897950,[2]
rtc_2.xml,NMR,SUCCESS,"[[13.379515647888184, 13.384177923202515, 13.577138423919678]]",41.788360595703100,0,[3]
rtc_2.xml,OCMR2-G3,SUCCESS,"[[3.709547758102417, 3.5985050201416016, 3.795741558074951, 3.8245835304260254], [4.533551216125488, 4.493992567062378], [5.53306770324707]]",35.1200487613678,1.9835560321807900,"[4, 2, 1]"
rtc_2.xml,OCMR2-G5,SUCCESS,"[[4.110868692398071, 4.11556339263916, 4.340716361999512], [0.0], [8.246243000030518], [0.0]]",30.067047595977800,2.0080759525299100,"[3, 0, 1, 0]"
rtc_2.xml,OCMR2-G10,SUCCESS,[[5.837451457977295]],7.916653633117680,0.6780617237091060,[1]
rtc_2.xml,NMR,SUCCESS,"[[13.470797538757324, 13.52006483078003]]",28.416630506515500,0,[2]
rtc_2.xml,OCMR2-G3,SUCCESS,"[[3.6724560260772705, 3.5337300300598145, 3.7587172985076904, 3.711293935775757]]",16.423382997512800,0.6902999877929690,[4]
rtc_2.xml,OCMR2-G5,SUCCESS,"[[4.156039476394653, 4.117032766342163, 4.187527418136597, 4.274490594863892, 4.231377840042114]]",22.818785429000900,0.6910595893859860,[5]
rtc_2.xml,OCMR2-G10,SUCCESS,"[[5.992751359939575, 6.103656530380249]]",14.164575099945100,0.6919951438903810,[2]
rtc_2.xml,NMR,SUCCESS,[[13.603776693344116]],15.021810293197600,0,[1]
rtc_2.xml,OCMR2-G3,SUCCESS,"[[3.732982873916626, 3.6291277408599854, 3.833139419555664, 3.760352611541748, 3.698131799697876]]",20.436704635620100,0.7070610523223880,[5]
rtc_2.xml,OCMR2-G5,SUCCESS,"[[4.208203315734863, 4.064632415771484, 4.300831079483032, 4.142874479293823, 4.050666093826294], [5.903416395187378], [8.111695289611816], [13.69797396659851]]",57.505842447280900,1.9459002017974900,"[5, 1, 1, 1]"
rtc_2.xml,OCMR2-G10,SUCCESS,"[[5.952112197875977, 6.026198625564575]]",14.092986822128300,0.6936836242675780,[2]
rtc_2.xml,NMR,SUCCESS,[[13.73108196258545]],15.165396690368700,0,[1]
rtc_2.xml,OCMR2-G3,SUCCESS,"[[3.7258782386779785, 3.572584390640259, 3.8206844329833984, 3.7388851642608643, 3.613309621810913, 3.692842960357666], [4.753624200820923, 4.800939083099365], [5.845534563064575, 5.662337779998779], [6.920546531677246]]",58.04246163368230,2.6601407527923600,"[6, 2, 2, 1]"
rtc_2.xml,OCMR2-G5,SUCCESS,"[[4.18087100982666, 4.150577068328857, 4.405834674835205, 4.368287086486816, 4.218577146530151], [6.10586404800415]]",31.435281991958600,1.3438186645507800,"[5, 1]"
rtc_2.xml,OCMR2-G10,SUCCESS,"[[5.935478687286377, 5.9857165813446045, 6.140714883804321]]",20.138389110565200,0.6917476654052730,[3]
rtc_2.xml,NMR,SUCCESS,[[13.547644138336182]],14.97437334060670,0,[1]
rtc_2.xml,OCMR2-G3,SUCCESS,"[[3.7988789081573486, 3.65547251701355, 3.8675787448883057, 3.7736873626708984], [4.686187267303467, 4.664017677307129, 4.840289354324341, 4.615105390548706, 4.588111639022827], [5.595759868621826, 5.732065200805664]]",55.49730825424190,1.99534010887146,"[4, 5, 2]"
rtc_2.xml,OCMR2-G5,SUCCESS,"[[4.248791456222534, 4.107239246368408, 4.372856140136719, 4.296314716339111, 4.231378078460693], [5.979067087173462, 6.207108736038208]]",37.4598548412323,1.3878130912780800,"[5, 2]"
rtc_2.xml,OCMR2-G10,SUCCESS,"[[5.967976808547974, 5.995668649673462, 6.14185905456543, 6.002120494842529]]",26.204179525375400,0.6888153553009030,[4]
rtc_2.xml,NMR,SUCCESS,"[[13.737655639648438, 13.485841751098633]]",28.678202867507900,0,[2]
rtc_2.xml,OCMR2-G3,SUCCESS,"[[3.761803150177002, 3.7289931774139404, 3.871098041534424, 3.8021299839019775, 3.69071626663208, 3.720240354537964], [4.6981706619262695, 4.920634508132935]]",35.91974639892580,1.4351613521575900,"[6, 2]"
rtc_2.xml,OCMR2-G5,SUCCESS,"[[4.253247022628784, 4.105437755584717, 4.377424001693726, 4.2980616092681885, 4.238378286361694]]",23.09470844268800,0.6794009208679200,[5]
rtc_2.xml,OCMR2-G10,SUCCESS,[[5.835800409317017]],7.90516209602356,0.6918284893035890,[1]
rtc_2.xml,NMR,SUCCESS,"[[13.71583890914917, 13.642459392547607]]",28.78866696357730,0,[2]
rtc_2.xml,OCMR2-G3,SUCCESS,"[[3.7145419120788574, 3.6312026977539062, 3.7829458713531494, 3.7625162601470947, 3.643730401992798, 3.6829702854156494], [4.5946502685546875, 4.69795823097229, 4.52719259262085, 4.592067241668701, 4.654461622238159]]",48.94570183753970,1.3630290031433100,"[6, 5]"
rtc_2.xml,OCMR2-G5,SUCCESS,"[[4.313040733337402, 4.155411958694458, 4.411526441574097, 4.318631172180176, 4.208550214767456], [6.121345520019531, 6.333354711532593]]",37.844239234924300,1.3476638793945300,"[5, 2]"
rtc_2.xml,OCMR2-G10,SUCCESS,"[[5.954360485076904, 5.902042388916016], [13.854498147964478]]",30.73719549179080,0.7044880390167240,"[2, 1]"
rtc_3.xml,NMR,SUCCESS,[[13.373103857040405]],14.742013216018700,0,[1]
rtc_3.xml,OCMR2-G3,SUCCESS,[[3.757473945617676]],5.446473836898800,0.661536693572998,[1]
rtc_3.xml,OCMR2-G5,SUCCESS,"[[4.222707748413086], [5.6146299839019775]]",13.613235712051400,1.2391698360443100,"[1, 1]"
rtc_3.xml,OCMR2-G10,SUCCESS,[[5.572250127792358]],7.530824661254880,0.6283693313598630,[1]
rtc_3.xml,NMR,SUCCESS,[[13.268861770629883]],14.635933637619000,0,[1]
rtc_3.xml,OCMR2-G3,SUCCESS,[[3.6691694259643555]],5.337926626205440,0.6327354907989500,[1]
rtc_3.xml,OCMR2-G5,SUCCESS,[[4.039760112762451]],5.783021688461300,0.6167440414428710,[1]
rtc_3.xml,OCMR2-G10,SUCCESS,[[5.506590366363525]],7.462024211883550,0.6269285678863530,[1]
rtc_3.xml,NMR,SUCCESS,[[13.354952335357666]],14.72048830986020,0,[1]
rtc_3.xml,OCMR2-G3,SUCCESS,[[3.7336552143096924]],5.381256341934200,0.6171879768371580,[1]
rtc_3.xml,OCMR2-G5,SUCCESS,[[4.181674480438232]],5.9153969287872300,0.6390397548675540,[1]
rtc_3.xml,OCMR2-G10,SUCCESS,[[5.480177402496338]],7.439022064208980,0.6463022232055660,[1]
rtc_3.xml,NMR,SUCCESS,[[13.3945791721344]],14.77189302444460,0,[1]
rtc_3.xml,OCMR2-G3,SUCCESS,"[[3.6946966648101807], [0.0], [5.441152095794678]]",14.555942058563200,1.8611531257629400,"[1, 0, 1]"
rtc_3.xml,OCMR2-G5,SUCCESS,"[[4.193056106567383], [0.0], [10.082031011581421]]",20.46546983718870,1.838451862335210,"[1, 0, 1]"
rtc_3.xml,OCMR2-G10,SUCCESS,[[5.436038494110107]],7.382300853729250,0.6414597034454350,[1]
rtc_3.xml,NMR,SUCCESS,[[13.396257162094116]],14.763822555542000,0,[1]
rtc_3.xml,OCMR2-G3,SUCCESS,[[3.7038679122924805]],5.357347726821900,0.6394884586334230,[1]
rtc_3.xml,OCMR2-G5,SUCCESS,"[[4.2634663581848145], [5.618614912033081]]",13.615796566009500,1.2356338500976600,"[1, 1]"
rtc_3.xml,OCMR2-G10,SUCCESS,[[5.567252159118652]],7.497643709182740,0.6270434856414800,[1]
rtc_3.xml,NMR,SUCCESS,[[13.37606954574585]],14.760274410247800,0,[1]
rtc_3.xml,OCMR2-G3,SUCCESS,[[3.765890121459961]],5.451766729354860,0.6286807060241700,[1]
rtc_3.xml,OCMR2-G5,SUCCESS,"[[4.186774015426636], [0.0], [0.0], [0.0]]",13.075933933258100,1.8563904762268100,"[1, 0, 0, 0]"
rtc_3.xml,OCMR2-G10,SUCCESS,[[5.44290828704834]],7.3660969734191900,0.663346529006958,[1]
rtc_3.xml,NMR,SUCCESS,[[13.310184001922607]],14.682823419570900,0,[1]
rtc_3.xml,OCMR2-G3,SUCCESS,[[3.7887299060821533]],5.420862197875980,0.6410174369812010,[1]
rtc_3.xml,OCMR2-G5,SUCCESS,[[4.257646799087524]],6.044489622116090,0.6190810203552250,[1]
rtc_3.xml,OCMR2-G10,SUCCESS,[[5.523669004440308]],7.519742488861080,0.6464676856994630,[1]
rtc_3.xml,NMR,SUCCESS,[[13.272825717926025]],14.645756959915200,0,[1]
rtc_3.xml,OCMR2-G3,SUCCESS,[[3.7039854526519775]],5.3933000564575200,0.6287727355957030,[1]
rtc_3.xml,OCMR2-G5,SUCCESS,[[4.22096586227417]],5.943557024002080,0.6364026069641110,[1]
rtc_3.xml,OCMR2-G10,SUCCESS,"[[5.668882131576538], [13.324842929840088]]",23.682486534118700,0.631843090057373,"[1, 1]"
rtc_3.xml,NMR,SUCCESS,[[13.276617765426636]],14.655889511108400,0,[1]
rtc_3.xml,OCMR2-G3,SUCCESS,[[3.7935962677001953]],5.456336498260500,0.6457991600036620,[1]
rtc_3.xml,OCMR2-G5,SUCCESS,[[4.191471576690674]],5.943564414978030,0.6271011829376220,[1]
rtc_3.xml,OCMR2-G10,SUCCESS,[[5.537778377532959]],7.5129923820495600,0.6438014507293700,[1]
rtc_3.xml,NMR,SUCCESS,[[13.366776466369629]],14.731149196624800,0,[1]
rtc_3.xml,OCMR2-G3,SUCCESS,[[3.7205770015716553]],5.400796175003050,0.6331815719604490,[1]
rtc_3.xml,OCMR2-G5,SUCCESS,[[4.19987678527832]],5.963750600814820,0.646263837814331,[1]
rtc_4.xml,NMR,SUCCESS,[[15.01274824142456]],16.77480983734130,0,[1]
rtc_4.xml,OCMR2-G3,SUCCESS,[[3.5932364463806152]],5.580524444580080,0.8700602054595950,[1]
rtc_4.xml,OCMR2-G5,SUCCESS,"[[5.404187440872192, 5.2146265506744385, 5.571786880493164]]",18.379879236221300,0.8021228313446050,[3]
rtc_4.xml,OCMR2-G10,SUCCESS,[[8.049740552902222]],10.561487197876000,0.8966329097747800,[1]
rtc_4.xml,NMR,SUCCESS,[[15.108214616775513]],16.87570071220400,0,[1]
rtc_4.xml,OCMR2-G3,SUCCESS,"[[3.620436668395996], [6.00413966178894]]",13.807111024856600,1.6557562351226800,"[1, 1]"
rtc_4.xml,OCMR2-G5,SUCCESS,"[[5.448781251907349, 5.268797159194946, 5.521179914474487, 5.500219821929932]]",23.878177404403700,0.8528947830200200,[4]
rtc_4.xml,OCMR2-G10,SUCCESS,[[8.097468614578247]],10.79723834991460,0.8207879066467290,[1]
rtc_4.xml,NMR,SUCCESS,[[14.88634991645813]],16.635355710983300,0,[1]
rtc_4.xml,OCMR2-G3,SUCCESS,[[3.632298707962036]],5.695068836212160,0.8979051113128660,[1]
rtc_4.xml,OCMR2-G5,SUCCESS,"[[5.4435882568359375, 5.401455402374268, 5.279399633407593], [7.688116788864136]]",28.27601170539860,1.5988237857818600,"[3, 1]"
rtc_4.xml,OCMR2-G10,SUCCESS,"[[8.174394845962524], [14.729916095733643]]",28.611855030059800,0.8575141429901120,"[1, 1]"
rtc_4.xml,NMR,SUCCESS,[[14.919750928878784]],16.66682267189030,0,[1]
rtc_4.xml,OCMR2-G3,SUCCESS,"[[3.6360251903533936], [6.0508952140808105], [0.0], [0.0], [0.0], [0.0], [0.0]]",28.989646434783900,4.8732593059539800,"[1, 1, 0, 0, 0, 0, 0]"
rtc_4.xml,OCMR2-G5,SUCCESS,"[[5.473013401031494, 5.5419700145721436, 5.8133225440979, 5.723937273025513], [8.042114496231079, 8.236343145370483]]",43.634583950042700,1.7519114017486600,"[4, 2]"
rtc_4.xml,OCMR2-G10,SUCCESS,[[8.062857389450073]],10.738247871398900,0.8127679824829100,[1]
rtc_4.xml,NMR,SUCCESS,[[14.764710187911987]],16.49219846725460,0,[1]
rtc_4.xml,OCMR2-G3,SUCCESS,"[[3.6325950622558594], [0.0], [0.0], [0.0], [10.27643895149231]]",26.693760871887200,4.544667482376100,"[1, 0, 0, 0, 1]"
rtc_4.xml,OCMR2-G5,SUCCESS,"[[5.505144357681274, 5.626967668533325, 5.90400242805481, 5.770697593688965], [8.281168222427368, 8.255390167236328]]",44.43201804161070,1.7170753479003900,"[4, 2]"
rtc_4.xml,OCMR2-G10,SUCCESS,[[7.947126388549805]],10.596240282058700,0.8312594890594480,[1]
rtc_4.xml,NMR,SUCCESS,[[15.192797660827637]],16.942549228668200,0,[1]
rtc_4.xml,OCMR2-G3,SUCCESS,"[[3.728999376296997], [6.163784742355347], [7.419461727142334]]",23.813873291015600,2.552452325820920,"[1, 1, 1]"
rtc_4.xml,OCMR2-G5,SUCCESS,"[[5.534878492355347, 5.475377559661865]]",13.147122144699100,0.9420156478881840,[2]
rtc_4.xml,OCMR2-G10,SUCCESS,[[8.199903011322021]],10.651747465133700,0.829749345779419,[1]
rtc_4.xml,NMR,SUCCESS,[[15.191610336303711]],16.959149599075300,0,[1]
rtc_4.xml,OCMR2-G3,SUCCESS,"[[3.713676691055298], [6.1561195850372314, 5.90624213218689]]",20.090986967086800,1.6123511791229200,"[1, 2]"
rtc_4.xml,OCMR2-G5,SUCCESS,"[[5.519940137863159, 5.312534332275391, 5.4908037185668945, 5.676574468612671], [7.91844916343689, 8.362178087234497], [0.0], [0.0]]",49.35891914367680,2.391003131866460,"[4, 2, 0, 0]"
rtc_4.xml,OCMR2-G10,SUCCESS,"[[8.013371706008911], [0.0]]",14.15071702003480,0.8802595138549810,"[1, 0]"
rtc_4.xml,NMR,SUCCESS,[[14.90039610862732]],16.678864002227800,0,[1]
rtc_4.xml,OCMR2-G3,SUCCESS,"[[3.67787504196167, 3.5134847164154053, 3.657653331756592], [6.196517467498779], [7.835254669189453], [9.449578762054443]]",44.23894810676580,3.238358497619630,"[3, 1, 1, 1]"
rtc_4.xml,OCMR2-G5,SUCCESS,"[[5.550928354263306, 5.3843865394592285, 5.368359327316284], [8.548377513885498], [10.983349323272705]]",43.521647691726700,2.4953322410583500,"[3, 1, 1]"
rtc_4.xml,OCMR2-G10,SUCCESS,"[[8.140901565551758], [15.237670660018921]]",29.5368390083313,0.8723914623260500,"[1, 1]"
rtc_4.xml,NMR,SUCCESS,[[14.883281230926514]],16.62691903114320,0,[1]
rtc_4.xml,OCMR2-G3,SUCCESS,"[[3.667424201965332], [6.123202800750732], [7.905447006225586]]",24.771729469299300,2.4995007514953600,"[1, 1, 1]"
rtc_4.xml,OCMR2-G5,SUCCESS,"[[5.548200845718384, 5.432346343994141, 5.908812761306763, 5.761889934539795], [8.07957410812378]]",35.331979751586900,1.6270115375518800,"[4, 1]"
rtc_4.xml,OCMR2-G10,SUCCESS,[[8.166237592697144]],10.863348245620700,0.852855920791626,[1]
rtc_4.xml,NMR,SUCCESS,[[14.978147745132446]],16.724818229675300,0,[1]
rtc_4.xml,OCMR2-G3,SUCCESS,"[[3.6617250442504883], [0.0], [0.0], [0.0], [10.748543977737427]]",27.39032793045040,4.031360149383550,"[1, 0, 0, 0, 1]"
rtc_4.xml,OCMR2-G5,SUCCESS,"[[5.430520296096802, 5.156285524368286, 5.424896240234375, 5.50597357749939]]",23.6811306476593,0.8304686546325680,[4]
rtc_4.xml,OCMR2-G10,SUCCESS,"[[8.295832872390747], [0.0]]",14.396736145019500,0.8962845802307130,"[1, 0]"
rtc_5.xml,NMR,SUCCESS,"[[14.760225057601929, 14.307050466537476, 14.427714347839355, 14.65205693244934, 14.368101835250854, 14.912977457046509, 15.47942852973938, 15.490235567092896, 15.379000902175903]]",135.3953619003300,0,[9]
rtc_5.xml,OCMR2-G3,SUCCESS,"[[3.6933209896087646, 3.5796632766723633, 3.710520029067993, 3.7850515842437744, 3.6743953227996826, 3.5984861850738525], [4.593707799911499, 4.808658123016357], [6.0085673332214355, 5.887956619262695]]",49.63385891914370,2.246974229812620,"[6, 2, 2]"
rtc_5.xml,OCMR2-G5,SUCCESS,"[[4.189767360687256, 4.132043361663818, 4.436016321182251, 4.3153674602508545, 4.184157848358154], [6.976447820663452, 7.1315062046051025, 7.115494012832642], [9.532990217208862, 9.693100690841675], [14.435241937637329, 14.123872995376587]]",100.22206997871400,2.085416316986080,"[5, 3, 2, 2]"
rtc_5.xml,OCMR2-G10,SUCCESS,"[[5.945518493652344, 5.975695371627808, 6.192500114440918, 6.085721492767334], [14.456387042999268]]",44.081143856048600,0.7955155372619630,"[4, 1]"
rtc_5.xml,NMR,SUCCESS,"[[14.805221796035767, 14.389307022094727, 14.432938575744629, 14.885861158370972]]",60.1241774559021,0,[4]
rtc_5.xml,OCMR2-G3,SUCCESS,"[[3.721473217010498, 3.592519760131836, 3.803986072540283, 3.745729684829712], [0.0], [5.7389068603515625], [7.1942102909088135, 7.13186502456665, 7.18973183631897]]",50.50391101837160,3.01509952545166,"[4, 0, 1, 3]"
rtc_5.xml,OCMR2-G5,SUCCESS,"[[4.255383253097534, 4.190575122833252, 4.3821752071380615, 4.339254379272461]]",19.201844930648800,0.7495508193969730,[4]
rtc_5.xml,OCMR2-G10,SUCCESS,"[[5.972775459289551, 5.931122303009033, 6.115670442581177, 5.912110805511475], [13.829298257827759, 14.086729764938354, 13.766188859939575]]",70.7966411113739,0.7530205249786380,"[4, 3]"
rtc_5.xml,NMR,SUCCESS,"[[14.662373304367065, 14.157707929611206, 14.347124338150024, 14.745986938476562, 14.661133527755737, 14.726396560668945]]",88.91431093215940,0,[6]
rtc_5.xml,OCMR2-G3,SUCCESS,"[[3.7747957706451416, 3.6376302242279053], [4.544660568237305]]",15.958822965621900,1.5513346195220900,"[2, 1]"
rtc_5.xml,OCMR2-G5,SUCCESS,"[[4.231381177902222, 4.1598756313323975, 4.327792167663574], [0.0], [9.577735900878906]]",29.280693292617800,2.1801085472106900,"[3, 0, 1]"
rtc_5.xml,OCMR2-G10,SUCCESS,"[[5.994764566421509, 5.91556191444397, 6.158341646194458, 6.011581897735596], [14.350942134857178]]",43.80463147163390,0.7821664810180660,"[4, 1]"
rtc_5.xml,NMR,SUCCESS,"[[14.887303829193115, 14.202805042266846, 14.707481622695923, 14.69783639907837, 14.681815147399902]]",74.79806637763980,0,[5]
rtc_5.xml,OCMR2-G3,SUCCESS,"[[3.7469630241394043, 3.6085212230682373, 3.820418357849121], [0.0], [5.643926382064819]]",22.908216953277600,2.1661252975463900,"[3, 0, 1]"
rtc_5.xml,OCMR2-G5,SUCCESS,"[[4.263857126235962, 4.1338019371032715, 4.395013093948364, 4.357539892196655, 4.147889852523804], [6.123814821243286, 6.375957727432251]]",38.199217319488500,1.5566320419311500,"[5, 2]"
rtc_5.xml,OCMR2-G10,SUCCESS,"[[5.927281141281128, 5.995313405990601, 6.224538326263428, 5.985006332397461], [0.0]]",29.54714035987850,0.7480125427246090,"[4, 0]"
rtc_5.xml,NMR,SUCCESS,"[[14.82267141342163, 14.68675684928894, 14.881261110305786, 15.070582389831543]]",61.04979872703550,0,[4]
rtc_5.xml,OCMR2-G3,SUCCESS,"[[3.7726759910583496, 3.621615409851074, 3.757249355316162, 3.7407050132751465], [0.0], [5.785586357116699], [7.511429071426392], [0.0], [11.475701093673706]]",53.964598655700700,4.488178014755250,"[4, 0, 1, 1, 0, 1]"
rtc_5.xml,OCMR2-G5,SUCCESS,"[[4.1770524978637695, 4.1296703815460205, 4.355158567428589, 4.324845552444458, 4.0931901931762695], [5.987921714782715, 6.124079465866089, 6.074472427368164, 5.9033522605896], [9.285749912261963, 9.63054871559143, 9.4967622756958], [14.092597007751465, 14.457371234893799]]",112.16951537132300,2.195805549621580,"[5, 4, 3, 2]"
rtc_5.xml,OCMR2-G10,SUCCESS,"[[5.990602493286133, 5.8113930225372314, 6.067750692367554, 5.89565634727478], [13.968862533569336]]",43.06590795516970,0.7566194534301760,"[4, 1]"
rtc_5.xml,NMR,SUCCESS,"[[14.778549671173096, 14.880023956298828]]",31.26794743537900,0,[2]
rtc_5.xml,OCMR2-G3,SUCCESS,"[[3.802645206451416, 3.5806267261505127, 3.7614550590515137], [0.0], [5.5245373249053955, 5.802540302276611]]",28.43271255493160,2.2329163551330600,"[3, 0, 2]"
rtc_5.xml,OCMR2-G5,SUCCESS,"[[4.165222644805908, 4.122272968292236, 4.365755558013916, 4.30422043800354, 4.170957326889038], [6.060245037078857, 6.053052663803101, 6.1375133991241455, 6.020740985870361]]",49.72108173370360,1.4565839767456100,"[5, 4]"
rtc_5.xml,OCMR2-G10,SUCCESS,"[[6.061872959136963, 5.998754501342773, 6.41100549697876, 6.365824460983276]]",27.14780569076540,0.7956328392028810,[4]
rtc_5.xml,NMR,SUCCESS,"[[14.955310344696045, 14.816683530807495, 15.123121976852417, 15.421828746795654]]",61.935044288635300,0,[4]
rtc_5.xml,OCMR2-G3,SUCCESS,"[[3.7406246662139893, 3.640831708908081, 3.8028688430786133]]",13.097883939743000,0.7477002143859860,[3]
rtc_5.xml,OCMR2-G5,SUCCESS,"[[4.203216791152954, 4.114895820617676], [5.945630788803101]]",18.485431909561200,1.4739909172058100,"[2, 1]"
rtc_5.xml,OCMR2-G10,SUCCESS,"[[5.972448110580444, 5.871246576309204, 6.178069353103638, 5.98246431350708], [14.105541944503784, 14.185479640960693, 13.809269905090332, 13.635105848312378]]",85.01250338554380,0.7794058322906490,"[4, 4]"
rtc_5.xml,NMR,SUCCESS,"[[14.843104362487793, 14.562689542770386, 14.643258094787598, 14.358854293823242, 13.960211038589478, 14.175225257873535]]",88.17255282402040,0,[6]
rtc_5.xml,OCMR2-G3,SUCCESS,"[[3.7582364082336426, 3.619720220565796, 3.7885594367980957, 3.780743360519409, 3.652545928955078, 3.67397403717041], [4.575173854827881, 4.911465167999268], [5.7905213832855225, 5.728600263595581]]",49.551509380340600,2.25592041015625,"[6, 2, 2]"
rtc_5.xml,OCMR2-G5,SUCCESS,"[[4.221068620681763, 4.1887102127075195, 4.362109184265137, 4.411346673965454, 4.273909091949463], [6.024747133255005, 6.166020393371582, 6.286041736602783]]",44.22091770172120,1.4911322593689000,"[5, 3]"
rtc_5.xml,OCMR2-G10,SUCCESS,"[[5.976897239685059, 6.018866777420044, 6.173753976821899, 6.07472825050354], [13.989798545837402, 14.093023538589478, 13.796011686325073]]",71.40631747245790,0.7951769828796390,"[4, 3]"
rtc_5.xml,NMR,SUCCESS,"[[14.803447723388672, 14.479998588562012, 15.348592758178711]]",46.218549966812100,0,[3]
rtc_5.xml,OCMR2-G3,SUCCESS,"[[3.7533466815948486, 3.597493886947632, 3.7756102085113525, 3.720262050628662, 3.6580803394317627], [4.676114797592163], [5.747828245162964], [7.297407865524292]]",44.905378103256200,3.0203053951263400,"[5, 1, 1, 1]"
rtc_5.xml,OCMR2-G5,SUCCESS,"[[4.122743129730225, 4.1093590259552, 4.350885629653931], [6.396090269088745]]",23.296841859817500,1.5119311809539800,"[3, 1]"
rtc_5.xml,OCMR2-G10,SUCCESS,"[[6.0073466300964355, 6.035946607589722]]",14.276846647262600,0.7790107727050780,[2]
rtc_5.xml,NMR,SUCCESS,"[[15.002029180526733, 14.314196586608887, 14.280190229415894, 14.424483299255371, 14.294429063796997, 14.274333000183105, 14.527483224868774, 13.955432891845703, 13.737318992614746, 13.852098941802979, 14.476185321807861, 14.301766633987427]]",173.077561378479,0,[12]
rtc_5.xml,OCMR2-G3,SUCCESS,"[[3.758820056915283, 3.5512137413024902, 3.848991632461548, 3.7023985385894775, 3.6455166339874268, 3.604435682296753], [4.674506664276123, 4.857870817184448, 4.705992221832275, 4.62282395362854], [0.0], [7.2121946811676025]]",56.69977807998660,2.9717671871185300,"[6, 4, 0, 1]"
rtc_5.xml,OCMR2-G5,SUCCESS,"[[4.258067607879639, 4.148838996887207, 4.356736898422241, 4.327109098434448, 4.296932935714722], [6.319599628448486], [9.74062442779541, 9.878851652145386], [14.998918294906616]]",72.6512758731842,2.381345748901370,"[5, 1, 2, 1]"
rtc_5.xml,OCMR2-G10,SUCCESS,"[[5.952125549316406, 6.151759624481201]]",14.368130207061800,0.7501704692840580,[2]
rtc_6.xml,NMR,SUCCESS,"[[15.794864892959595, 15.775332689285278, 16.141215562820435, 16.137669801712036, 15.913816690444946, 16.00418710708618, 16.081714391708374, 16.268104314804077, 15.931740045547485]]",146.01056361198400,0,[9]
rtc_6.xml,OCMR2-G3,SUCCESS,"[[3.751485824584961, 3.64243745803833, 3.762068033218384, 3.7875828742980957, 3.6419155597686768, 3.6320810317993164], [4.627700567245483, 4.7936365604400635, 4.803468465805054, 4.655827283859253, 4.693942308425903], [0.0], [8.92301082611084, 8.852086782455444, 9.044748544692993], [10.653959512710571, 10.460964918136597], [11.936378002166748, 12.291102886199951], [15.781907081604004, 15.552933692932129]]",168.35193467140200,5.182375192642210,"[6, 5, 0, 3, 2, 2, 2]"
rtc_6.xml,OCMR2-G5,SUCCESS,"[[4.324033975601196, 4.1731157302856445, 4.419217824935913, 4.3780248165130615, 4.289502859115601], [6.371837377548218, 6.5882484912872314], [10.390547752380371], [0.0]]",56.280768156051600,2.831676721572880,"[5, 2, 1, 0]"
rtc_6.xml,OCMR2-G10,SUCCESS,"[[7.462565183639526, 7.466009616851807, 7.642781734466553], [15.246120929718018, 15.623571634292603, 15.448903560638428, 15.29062032699585, 15.313586711883545, 15.227829694747925, 15.464319229125977, 15.688999891281128, 15.704821348190308, 15.263508081436157]]",182.88799142837500,0.9554269313812260,"[3, 10]"
rtc_6.xml,NMR,SUCCESS,"[[15.725004196166992, 15.9753258228302, 16.658567190170288, 16.111947536468506, 15.82643723487854]]",82.22733116149900,0,[5]
rtc_6.xml,OCMR2-G3,SUCCESS,"[[3.7871947288513184, 3.6824686527252197, 3.8309178352355957, 3.891399383544922, 3.8009018898010254, 3.7295961380004883], [4.69572114944458, 4.838344573974609, 4.747539520263672, 4.677565574645996, 4.738428831100464], [7.056742191314697, 7.34014105796814, 7.217672348022461], [8.948932647705078, 8.996234893798828, 9.107264757156372], [10.397330045700073, 10.538039207458496], [12.211196899414062]]",143.87756299972500,5.192878723144530,"[6, 5, 3, 3, 2, 1]"
rtc_6.xml,OCMR2-G5,SUCCESS,"[[4.288011789321899, 4.179532051086426, 4.440229415893555, 4.368541955947876, 4.228174209594727], [6.37611198425293, 6.491372108459473], [10.700069189071655, 10.605956077575684], [16.119295835494995]]",83.69693064689640,2.8775177001953100,"[5, 2, 2, 1]"
rtc_6.xml,OCMR2-G10,SUCCESS,"[[7.37800669670105, 7.321224689483643, 7.45758318901062], [15.281579971313477, 15.677067518234253, 15.569116115570068, 15.344122171401978]]",90.08051490783690,0.9698071479797360,"[3, 4]"
rtc_6.xml,NMR,FAILED_TIMEOUT,"[[16.01223087310791, 15.681549072265625, 15.89741563796997, 16.164668083190918, 15.493165016174316, 15.584995746612549, 15.706232786178589, 15.97518801689148, 16.01206922531128, 15.835461616516113, 15.60941481590271, 15.578122854232788]]",191.53243327140800,0,[12]
rtc_6.xml,OCMR2-G3,FAILED_TIMEOUT,"[[3.845344305038452, 3.7017574310302734, 3.7578108310699463, 3.7972545623779297, 3.707808256149292, 3.7072346210479736], [4.546200275421143, 4.730115652084351, 4.667825698852539, 4.589609622955322, 4.654337644577026], [7.322504043579102, 7.138999700546265, 7.362602710723877], [9.250503063201904, 8.822799444198608, 8.858885765075684], [10.27038288116455, 10.681874752044678], [12.169756650924683, 12.087436199188232], [15.334346055984497, 15.770373821258545]]",189.66903638839700,4.9790661334991500,"[6, 5, 3, 3, 2, 2, 2]"
rtc_6.xml,OCMR2-G5,FAILED_TIMEOUT,"[[4.202030658721924, 4.119197130203247, 4.447603702545166, 4.288728952407837, 4.138678550720215], [7.692734241485596, 7.771363019943237, 7.693635940551758], [10.371517896652222, 10.359586954116821], [15.22823166847229, 14.897685289382935, 15.14579439163208, 15.404651165008545, 15.778411388397217, 15.720462799072266, 15.478893756866455]]",184.08763194084200,2.8407092094421400,"[5, 3, 2, 7]"
rtc_6.xml,OCMR2-G10,SUCCESS,"[[7.37463903427124, 7.531925201416016, 7.678330421447754], [15.22481083869934, 15.396916151046753, 15.489657402038574, 15.32849931716919, 15.730892658233643, 15.49266266822815, 15.755696058273315]]",137.12876749038700,1.0196759700775100,"[3, 7]"
rtc_6.xml,NMR,SUCCESS,"[[15.990786790847778, 16.132457971572876, 16.140220165252686, 15.908641815185547]]",66.1167664527893,0,[4]
rtc_6.xml,OCMR2-G3,SUCCESS,"[[3.801530361175537, 3.686868667602539, 3.8452436923980713, 3.8022592067718506, 3.6640987396240234, 3.722064971923828], [4.663938283920288, 4.859162330627441, 4.787851572036743, 4.7766711711883545, 4.707490921020508], [7.225961208343506, 7.0383195877075195, 7.4181928634643555], [8.967323303222656], [10.418644428253174], [12.294404745101929, 12.375509262084961], [16.207730531692505, 16.131960153579712, 16.176048517227173]]",180.1006064414980,5.2201409339904800,"[6, 5, 3, 1, 1, 2, 3]"
rtc_6.xml,OCMR2-G5,SUCCESS,"[[4.229818820953369, 4.177737474441528, 4.481455564498901, 4.3209547996521, 4.176065921783447], [7.52981162071228, 7.6317362785339355], [10.487815618515015], [15.668894529342651, 15.531906604766846, 15.965485334396362, 15.541392087936401, 15.460914373397827]]",136.46251940727200,2.675830602645870,"[5, 2, 1, 5]"
rtc_6.xml,OCMR2-G10,SUCCESS,"[[7.454830884933472, 7.632572412490845, 7.530322551727295]]",25.19571852684020,0.9056365489959720,[3]
rtc_6.xml,NMR,FAILED_TIMEOUT,"[[15.901017904281616, 15.74910283088684, 15.745535373687744, 15.5528724193573, 15.840692043304443, 15.85735273361206, 15.935477018356323, 15.997376680374146, 16.100780963897705, 15.658262014389038, 15.611776113510132, 16.148611068725586]]",192.0658404827120,0,[12]
rtc_6.xml,OCMR2-G3,SUCCESS,"[[3.728919267654419, 3.595249652862549, 3.6958439350128174, 3.6935675144195557, 3.6724534034729004, 3.7227089405059814], [4.602331876754761, 4.901141881942749, 4.714862108230591, 4.630122423171997, 4.619910001754761], [6.0731916427612305, 6.266148805618286, 6.064349889755249], [7.546724081039429, 7.249108791351318, 7.2840447425842285], [10.097508430480957], [11.807559490203857]]",123.12356972694400,4.769992351531980,"[6, 5, 3, 3, 1, 1]"
rtc_6.xml,OCMR2-G5,SUCCESS,"[[4.234745502471924, 4.204682111740112, 4.430726051330566, 4.3334362506866455, 4.238707780838013], [6.417665719985962, 6.500725030899048, 6.581292152404785], [10.481106996536255, 10.263166427612305], [15.965280294418335, 15.216274976730347, 15.303822755813599, 15.874513864517212, 15.926112413406372]]",151.3431851863860,2.7037086486816400,"[5, 3, 2, 5]"
rtc_6.xml,OCMR2-G10,SUCCESS,"[[7.45282244682312, 7.276423692703247, 7.382957458496094], [14.926506757736206, 15.745311260223389, 15.223623752593994, 15.160633325576782]]",89.10687708854680,0.9594540596008300,"[3, 4]"
rtc_6.xml,NMR,FAILED_TIMEOUT,"[[16.13245701789856, 16.494402408599854, 16.621562004089355, 16.560930013656616, 16.78838562965393, 16.64112162590027, 16.91223955154419, 17.189867973327637, 16.702295780181885, 16.749404907226562, 16.9120090007782]]",185.65671300888100,0,[11]
rtc_6.xml,OCMR2-G3,FAILED_TIMEOUT,"[[3.8061721324920654, 3.6566050052642822, 3.9048681259155273, 3.828674077987671, 3.7098634243011475, 3.703777313232422], [4.726202011108398, 4.897158861160278, 4.802857875823975, 4.848989486694336, 4.803192853927612], [6.113576412200928, 6.123344421386719, 6.0258095264434814, 6.039875507354736], [8.661243200302124, 8.863357782363892, 8.836541175842285], [10.390539407730103, 10.590542554855347], [12.320549011230469, 12.177327394485474], [15.687842845916748, 15.965658187866211]]",193.9015965461730,5.08167028427124,"[6, 5, 4, 3, 2, 2, 2]"
rtc_6.xml,OCMR2-G5,SUCCESS,"[[4.194634437561035, 4.094905853271484, 4.434889316558838, 4.373117208480835, 4.192343711853027], [7.841437816619873, 7.8419599533081055, 7.637034177780151], [10.269987344741821, 10.448569536209106]]",72.96907544136050,2.773998975753780,"[5, 3, 2]"
rtc_6.xml,OCMR2-G10,SUCCESS,"[[7.461563348770142, 7.5049662590026855, 7.464079856872559], [15.028366565704346]]",43.29558253288270,0.9564166069030760,"[3, 1]"
rtc_6.xml,NMR,FAILED_TIMEOUT,"[[15.806116819381714, 15.026066303253174, 15.55144214630127, 16.12006902694702, 16.018950700759888, 16.116149425506592, 16.130801677703857, 16.38749384880066, 16.24397301673889, 15.978153228759766, 15.977184772491455, 16.281452178955078]]",193.61269354820300,0,[12]
rtc_6.xml,OCMR2-G3,SUCCESS,"[[3.8093488216400146, 3.688298463821411, 3.860214948654175, 3.8772411346435547, 3.8350515365600586, 3.7941362857818604], [4.660759210586548, 4.798230886459351, 4.665353775024414, 4.6681740283966064, 4.748909950256348]]",50.91850209236150,1.8434438705444300,"[6, 5]"
rtc_6.xml,OCMR2-G5,SUCCESS,"[[4.31262731552124, 4.120817422866821, 4.415247678756714, 4.294656276702881, 4.2033467292785645], [7.53776478767395, 7.687115669250488], [0.0], [15.780611038208008, 15.584028482437134]]",79.10686731338500,2.6868507862091100,"[5, 2, 0, 2]"
rtc_6.xml,OCMR2-G10,SUCCESS,"[[6.452229738235474, 6.356565952301025, 6.515463829040527], [14.859400987625122, 15.277549743652344, 14.968628168106079, 14.858772993087769, 15.042548418045044, 15.167895555496216]]",115.28699731826800,0.9108083248138430,"[3, 6]"
rtc_6.xml,NMR,FAILED_TIMEOUT,"[[15.699007987976074, 15.410367488861084, 16.076528310775757, 15.709259033203125, 15.535940408706665, 15.633516550064087, 16.00362467765808, 16.09645438194275, 15.9309983253479, 15.894414901733398, 16.04816746711731, 16.22264575958252]]",192.24284195900000,0,[12]
rtc_6.xml,OCMR2-G3,SUCCESS,"[[3.7603759765625, 3.7402968406677246, 3.8288731575012207, 3.872982978820801, 3.750270128250122, 3.7567734718322754], [4.729633808135986, 4.870852470397949, 4.850640296936035, 4.626772165298462, 4.679792642593384], [6.107414960861206, 6.251641035079956, 6.081912279129028, 6.094874143600464], [7.38192892074585, 7.538315057754517, 7.392062187194824]]",102.7865080833440,3.4011411666870100,"[6, 5, 4, 3]"
rtc_6.xml,OCMR2-G5,SUCCESS,"[[4.283387184143066, 4.22173810005188, 4.379563570022583, 4.274934530258179, 4.170670986175537], [7.504804611206055, 7.701531648635864], [10.701574325561523], [0.0]]",58.36211562156680,2.600238561630250,"[5, 2, 1, 0]"
rtc_6.xml,OCMR2-G10,SUCCESS,"[[6.376075506210327, 6.378633499145508, 6.544095516204834], [15.371981143951416]]",40.47223448753360,0.9698970317840580,"[3, 1]"
rtc_6.xml,NMR,SUCCESS,"[[15.810030698776245, 16.429709434509277, 16.255420684814453, 15.763303279876709, 15.77855658531189, 15.880295276641846, 16.058945178985596, 16.193703651428223, 16.115353107452393]]",146.250812292099,0,[9]
rtc_6.xml,OCMR2-G3,FAILED_TIMEOUT,"[[3.854247808456421, 3.667917013168335, 3.9314208030700684, 3.86956524848938, 3.750553607940674, 3.786698579788208], [4.705512285232544, 4.88492751121521, 4.834710359573364, 4.714945077896118, 4.7393715381622314], [6.009420156478882, 6.105287551879883, 6.173642873764038, 6.071736574172974], [7.326249122619629, 7.646500587463379, 7.460787534713745], [10.636896133422852, 10.667124032974243], [12.480839490890503, 11.998915672302246], [15.713200092315674, 16.23469853401184]]",190.60650277137800,5.163357973098760,"[6, 5, 4, 3, 2, 2, 2]"
rtc_6.xml,OCMR2-G5,SUCCESS,"[[4.086479663848877, 4.123533725738525, 4.286221742630005, 4.3061301708221436, 4.12022066116333], [6.505083084106445], [10.56564712524414], [16.048739671707153, 15.761264085769653]]",81.27858686447140,2.71321702003479,"[5, 1, 1, 2]"
rtc_6.xml,OCMR2-G10,SUCCESS,"[[7.440771579742432, 7.2331061363220215], [15.726660013198853]]",36.420297622680700,0.9054381847381590,"[2, 1]"
rtc_6.xml,NMR,FAILED_TIMEOUT,"[[15.79103422164917, 16.52812933921814, 16.978233337402344, 16.86073350906372, 16.706113815307617, 16.70716905593872, 17.276668310165405, 16.65671181678772, 16.256892204284668, 16.488193035125732, 16.696849584579468]]",184.9349341392520,0,[11]
rtc_6.xml,OCMR2-G3,FAILED_TIMEOUT,"[[3.860492706298828, 3.7238903045654297, 3.8816397190093994, 3.850278854370117, 3.7306935787200928, 3.7854342460632324], [4.7419047355651855, 4.827659845352173, 4.93273401260376, 4.651852130889893, 4.771509170532227], [7.011021614074707, 7.0782387256622314, 7.116313934326172], [9.035577535629272, 9.121037006378174, 9.149484634399414], [10.432823419570923, 10.584959506988525], [12.297917604446411, 11.751059532165527], [15.386418104171753, 15.782169818878174]]",190.43096804618800,5.07165265083313,"[6, 5, 3, 3, 2, 2, 2]"
rtc_6.xml,OCMR2-G5,FAILED_TIMEOUT,"[[4.279326677322388, 4.273592948913574, 4.432290554046631, 4.412614822387695, 4.2059643268585205], [7.447713136672974, 7.6513671875, 7.678942918777466], [10.342785120010376, 10.441580057144165], [15.99354362487793, 15.68287444114685, 15.926215171813965, 15.789414405822754, 16.382696628570557, 16.534414052963257, 15.943488121032715]]",188.73565125465400,2.625275135040280,"[5, 3, 2, 7]"
rtc_6.xml,OCMR2-G10,SUCCESS,"[[6.372562646865845, 6.282685041427612], [15.688115358352661, 15.390575647354126]]",49.73321485519410,0.989675760269165,"[2, 2]"
rtc_7.xml,NMR,SUCCESS,"[[14.252350091934204, 13.500575542449951, 14.165232181549072, 14.13583779335022, 13.821957349777222, 13.65439510345459, 14.191722631454468, 14.405711889266968, 14.261510848999023]]",127.94646263122600,0,[9]
rtc_7.xml,OCMR2-G3,SUCCESS,"[[4.685257434844971, 4.646244525909424], [7.815570116043091, 7.938204526901245, 7.879401683807373], [10.671469449996948, 10.317229986190796], [11.542873620986938, 11.775610446929932], [12.937039852142334], [13.839644432067871, 13.665857315063477], [0.0]]",136.54918313026400,4.062911033630370,"[2, 3, 2, 2, 1, 2, 0]"
rtc_7.xml,OCMR2-G5,SUCCESS,"[[7.042452812194824, 6.9731669425964355], [0.0], [0.0], [14.064848184585571, 14.255131959915161]]",53.52339577674870,2.0669972896575900,"[2, 0, 0, 2]"
rtc_7.xml,OCMR2-G10,SUCCESS,"[[10.486881017684937, 10.815608501434326], [14.087189435958862]]",41.26152229309080,0.7179195880889890,"[2, 1]"
rtc_7.xml,NMR,SUCCESS,"[[13.956520557403564, 14.491405725479126, 14.674877643585205, 14.825634241104126, 14.413670063018799, 14.858410120010376, 14.945571184158325, 14.702964544296265, 14.532155275344849]]",132.9366056919100,0,[9]
rtc_7.xml,OCMR2-G3,SUCCESS,"[[0.0], [7.553345441818237], [10.44064211845398], [11.562653541564941, 11.510653257369995], [12.272152662277222, 12.84067964553833], [13.715044260025024, 13.15382695198059], [13.898366451263428, 14.270482063293457, 14.477687120437622, 14.225406169891357]]",168.68365359306300,3.993347644805910,"[0, 1, 1, 2, 2, 2, 4]"
rtc_7.xml,OCMR2-G5,SUCCESS,"[[7.020917892456055, 6.774724245071411, 7.116653680801392], [10.499553918838501], [12.518269777297974], [13.409611701965332, 13.771102905273438, 13.781434535980225, 13.981110334396362, 13.854387283325195, 13.906619548797607]]",137.03545308113100,2.0610525608062700,"[3, 1, 1, 6]"
rtc_7.xml,OCMR2-G10,SUCCESS,"[[10.36415958404541], [14.156479597091675]]",30.47056746482850,0.7165417671203610,"[1, 1]"
rtc_7.xml,NMR,SUCCESS,"[[14.060044765472412, 14.103962182998657, 14.50043773651123, 14.348239421844482, 13.983296394348145, 14.260770320892334]]",86.79867172241210,0,[6]
rtc_7.xml,OCMR2-G3,FAILED_TIMEOUT,"[[0.0], [7.468759059906006, 7.6169939041137695, 7.487117290496826], [10.09522795677185, 10.059430837631226], [11.469578266143799, 11.14595341682434], [12.477078199386597, 12.69130539894104], [13.569612979888916], [13.978685140609741, 14.089260816574097, 14.416441679000854, 14.224267482757568, 13.923983097076416]]",193.1698615551000,3.97729229927063,"[0, 3, 2, 2, 2, 1, 5]"
rtc_7.xml,OCMR2-G5,SUCCESS,"[[6.894532680511475, 7.024715423583984], [10.462970972061157, 10.896852970123291], [12.844651222229004, 12.895520210266113], [13.88191819190979]]",85.97323703765870,2.125713586807250,"[2, 2, 2, 1]"
rtc_7.xml,OCMR2-G10,SUCCESS,"[[10.509430885314941, 10.522714614868164], [13.845207452774048, 14.455740213394165, 14.46062707901001, 14.04868769645691]]",83.76319527626040,0.6880207061767580,"[2, 4]"
rtc_7.xml,NMR,SUCCESS,"[[14.00610065460205, 14.15819239616394]]",29.68238615989690,0,[2]
rtc_7.xml,OCMR2-G3,SUCCESS,"[[4.695112228393555], [7.795080184936523], [10.489854097366333, 10.638291120529175], [11.919306993484497, 11.760531425476074]]",66.9666006565094,2.654690980911260,"[1, 1, 2, 2]"
rtc_7.xml,OCMR2-G5,SUCCESS,[[7.039992809295654]],9.342074632644650,0.7031078338623050,[1]
rtc_7.xml,OCMR2-G10,SUCCESS,"[[10.342077493667603], [13.985432386398315, 13.915901184082031, 13.69944453239441, 13.535170793533325, 13.645936012268066, 13.602500200271606, 13.519845008850098, 13.665149450302124, 13.503794431686401]]",139.18566393852200,0.7052640914916990,"[1, 9]"
rtc_7.xml,NMR,SUCCESS,"[[13.948979377746582, 14.180912733078003, 14.472959995269775, 14.433836936950684, 14.207086324691772, 14.382019758224487, 14.220079898834229, 14.49364423751831, 14.183404922485352]]",130.07978177070600,0,[9]
rtc_7.xml,OCMR2-G3,SUCCESS,"[[0.0], [7.538886547088623], [10.349467039108276, 10.44404673576355]]",35.55546712875370,2.169539451599120,"[0, 1, 2]"
rtc_7.xml,OCMR2-G5,SUCCESS,"[[6.9798743724823], [10.480008602142334, 10.841108798980713], [0.0], [14.25502896308899, 14.066266775131226]]",67.87368297576900,2.1179676055908200,"[1, 2, 0, 2]"
rtc_7.xml,OCMR2-G10,SUCCESS,"[[10.39546823501587, 10.316165924072266], [14.04915189743042, 14.260891199111938]]",54.98129653930660,0.7038545608520510,"[2, 2]"
rtc_7.xml,NMR,SUCCESS,"[[14.018740177154541, 13.600892782211304, 14.369356393814087, 14.670475482940674, 14.177308797836304, 14.248746633529663, 14.323542833328247, 14.36072063446045]]",115.32478404045100,0,[8]
rtc_7.xml,OCMR2-G3,SUCCESS,"[[0.0], [7.416449069976807, 7.793545484542847, 7.631731033325195], [10.212116956710815, 10.402621746063232]]",50.66208028793340,2.0914947986602800,"[0, 3, 2]"
rtc_7.xml,OCMR2-G5,SUCCESS,"[[7.009740829467773, 6.6605095863342285, 6.903927326202393], [10.426258087158203, 10.654612302780151], [12.405781745910645], [14.126490354537964, 14.317823648452759, 14.228482484817505]]",107.63857579231300,2.033839464187620,"[3, 2, 1, 3]"
rtc_7.xml,OCMR2-G10,SUCCESS,"[[10.419238090515137, 10.319470167160034], [13.878489255905151, 14.154062509536743, 13.948365688323975, 13.737492084503174, 13.903319835662842, 14.014147520065308, 13.778595209121704, 13.67152214050293, 13.85005497932434, 13.966735363006592, 14.11490273475647, 14.02867341041565]]",193.6046702861790,0.7042236328125,"[2, 12]"
rtc_7.xml,NMR,FAILED_TIMEOUT,"[[14.010935306549072, 14.076010704040527, 14.515846014022827, 14.200376749038696, 14.26468801498413, 14.611085176467896, 15.034502267837524, 14.796466827392578, 14.557445764541626, 14.398894786834717, 14.600425958633423, 14.844486713409424, 14.824084281921387]]",190.30676102638200,0,[13]
rtc_7.xml,OCMR2-G3,SUCCESS,"[[0.0], [7.483030319213867, 7.670017719268799], [10.148548603057861, 10.171276569366455], [11.82684850692749, 11.586009979248047], [0.0], [0.0], [14.23858904838562, 13.905578851699829]]",106.11018013954200,4.075657606124880,"[0, 2, 2, 2, 0, 0, 2]"
rtc_7.xml,OCMR2-G5,SUCCESS,"[[6.997473239898682], [10.41280460357666, 10.760837316513062], [12.508527278900146, 12.228827714920044], [13.723772048950195, 14.40553593635559]]",92.16106247901920,2.079119920730590,"[1, 2, 2, 2]"
rtc_7.xml,OCMR2-G10,SUCCESS,"[[10.450628995895386, 10.573408126831055], [13.834092140197754, 13.729816675186157, 13.995363235473633, 13.955602169036865]]",82.37996745109560,0.7070062160491940,"[2, 4]"
rtc_7.xml,NMR,SUCCESS,[[14.104745388031006]],15.6440749168396,0,[1]
rtc_7.xml,OCMR2-G3,SUCCESS,"[[0.0], [7.501509189605713, 7.69709324836731], [10.263657569885254], [11.119426250457764, 11.55294156074524], [12.652830839157104, 12.523603439331055], [0.0], [14.012763977050781]]",106.12938189506500,4.06354284286499,"[0, 2, 1, 2, 2, 0, 1]"
rtc_7.xml,OCMR2-G5,SUCCESS,"[[6.955445766448975, 6.979506254196167], [10.551796436309814, 10.653434991836548], [12.156941890716553, 12.293027400970459], [13.795696020126343, 13.692533254623413, 13.539010286331177, 13.599799394607544, 13.41859221458435, 13.656175136566162]]",152.167325258255,2.0604920387268100,"[2, 2, 2, 6]"
rtc_7.xml,OCMR2-G10,SUCCESS,[[10.596503734588623]],13.264341592788700,0.7193336486816410,[1]
rtc_7.xml,NMR,SUCCESS,"[[14.155481100082397, 14.101298093795776]]",29.78289771080020,0,[2]
rtc_7.xml,OCMR2-G3,SUCCESS,"[[0.0], [7.3458709716796875, 7.532792329788208, 7.767086744308472], [10.359573125839233, 10.263473272323608], [11.613649368286133]]",64.87914276123050,2.8570849895477300,"[0, 3, 2, 1]"
rtc_7.xml,OCMR2-G5,FAILED_TIMEOUT,"[[7.12188720703125, 7.14815092086792, 7.038818836212158], [10.223623037338257, 10.099380493164062], [11.910630464553833, 12.076341390609741], [13.612839221954346, 13.38463020324707, 13.26370096206665, 13.673622131347656, 13.701505899429321, 13.714268684387207, 13.741106271743774, 13.949568748474121]]",185.1714723110200,2.0172760486602800,"[3, 2, 2, 8]"
rtc_7.xml,OCMR2-G10,SUCCESS,"[[10.450999975204468, 10.6265869140625], [14.009441614151001, 13.81489896774292, 13.730742454528809, 14.087015628814697, 14.350203275680542, 14.487229347229004]]",111.40328121185300,0.7133662700653080,"[2, 6]"
rtc_7.xml,NMR,SUCCESS,"[[14.031826734542847, 14.120431900024414, 14.273675680160522, 14.245373010635376, 13.875158786773682, 14.068851709365845, 14.075778007507324, 13.901737928390503, 13.714258193969727, 13.840615272521973]]",141.7237904071810,0,[10]
rtc_7.xml,OCMR2-G3,SUCCESS,"[[0.0], [7.495817422866821], [10.315757989883423, 10.349876403808594], [11.571985960006714, 11.565450668334961], [12.889730453491211]]",77.11364126205440,3.4866833686828600,"[0, 1, 2, 2, 1]"
rtc_7.xml,OCMR2-G5,SUCCESS,"[[7.181890249252319], [10.609261512756348, 10.730367183685303], [12.981321096420288, 12.750719547271729]]",62.23436903953550,2.096210241317750,"[1, 2, 2]"
rtc_7.xml,OCMR2-G10,SUCCESS,"[[10.51163125038147, 10.717698574066162], [14.185050249099731, 13.992100477218628, 13.881763696670532]]",69.20489811897280,0.6888692378997800,"[2, 3]"
rtc_8.xml,NMR,SUCCESS,"[[13.976455688476562, 13.865373849868774]]",29.3554105758667,0,[2]
rtc_8.xml,OCMR2-G3,SUCCESS,"[[4.653301954269409], [6.1405251026153564]]",14.721740245819100,1.4209821224212600,"[1, 1]"
rtc_8.xml,OCMR2-G5,SUCCESS,"[[5.201209783554077], [9.195776224136353]]",18.758121967315700,1.3330416679382300,"[1, 1]"
rtc_8.xml,OCMR2-G10,SUCCESS,[[8.718032598495483]],11.075071334838900,0.706840991973877,[1]
rtc_8.xml,NMR,SUCCESS,[[14.106657266616821]],15.637525796890300,0,[1]
rtc_8.xml,OCMR2-G3,SUCCESS,"[[4.4855570793151855], [0.0], [8.840828895568848]]",19.818253755569500,2.0812792778015100,"[1, 0, 1]"
rtc_8.xml,OCMR2-G5,SUCCESS,"[[5.25027060508728], [8.940178394317627], [0.0], [13.501055717468262]]",37.51116466522220,1.978234052658080,"[1, 1, 0, 1]"
rtc_8.xml,OCMR2-G10,SUCCESS,"[[8.979862451553345], [0.0]]",14.128076553344700,0.6919665336608890,"[1, 0]"
rtc_8.xml,NMR,SUCCESS,[[14.052166223526001]],15.572945594787600,0,[1]
rtc_8.xml,OCMR2-G3,SUCCESS,"[[4.552041053771973], [6.2313549518585205]]",14.711661338806200,1.3176438808441200,"[1, 1]"
rtc_8.xml,OCMR2-G5,SUCCESS,"[[5.034540414810181], [8.997227191925049, 8.97623348236084]]",27.29476547241210,1.4733119010925300,"[1, 2]"
rtc_8.xml,OCMR2-G10,SUCCESS,"[[8.639129161834717, 8.891697406768799], [0.0]]",22.792170763015700,0.7090096473693850,"[2, 0]"
rtc_8.xml,NMR,SUCCESS,[[13.853487253189087]],15.35794973373410,0,[1]
rtc_8.xml,OCMR2-G3,SUCCESS,"[[4.595843076705933], [0.0], [8.827335834503174]]",19.599296808242800,2.0813539028167700,"[1, 0, 1]"
rtc_8.xml,OCMR2-G5,SUCCESS,"[[5.18008828163147], [9.117193460464478]]",18.823883295059200,1.3810606002807600,"[1, 1]"
rtc_8.xml,OCMR2-G10,SUCCESS,"[[8.544732809066772, 8.593631505966187], [13.280301332473755]]",35.63040518760680,0.7139489650726320,"[2, 1]"
rtc_8.xml,NMR,SUCCESS,"[[14.016852617263794, 13.9008629322052]]",29.43920660018920,0,[2]
rtc_8.xml,OCMR2-G3,SUCCESS,[[4.67048454284668]],6.53480076789856,0.7143182754516600,[1]
rtc_8.xml,OCMR2-G5,SUCCESS,[[5.163818836212158]],7.113752365112310,0.7051031589508060,[1]
rtc_8.xml,OCMR2-G10,SUCCESS,"[[8.757461547851562], [13.174845933914185]]",27.121721029281600,0.6901540756225590,"[1, 1]"
rtc_8.xml,NMR,SUCCESS,"[[13.996333599090576, 13.736536979675293]]",29.246822595596300,0,[2]
rtc_8.xml,OCMR2-G3,SUCCESS,"[[4.53423810005188, 4.504654884338379], [6.0393226146698, 6.308629751205444]]",25.323199033737200,1.3543529510498000,"[2, 2]"
rtc_8.xml,OCMR2-G5,SUCCESS,"[[5.349493741989136], [9.084418296813965]]",18.74911880493160,1.296252965927120,"[1, 1]"
rtc_8.xml,OCMR2-G10,SUCCESS,"[[8.694396257400513], [0.0]]",13.79062795639040,0.6754636764526370,"[1, 0]"
rtc_8.xml,NMR,SUCCESS,"[[14.136385202407837, 13.753758907318115]]",29.401038885116600,0,[2]
rtc_8.xml,OCMR2-G3,SUCCESS,"[[4.64398455619812], [0.0], [8.762051582336426], [11.168920755386353]]",33.56109404563900,2.8349709510803200,"[1, 0, 1, 1]"
rtc_8.xml,OCMR2-G5,SUCCESS,"[[5.063507318496704], [8.973941326141357]]",18.279406309127800,1.306257724761960,"[1, 1]"
rtc_8.xml,OCMR2-G10,SUCCESS,"[[8.780507802963257, 8.617851972579956, 8.773108005523682]]",28.569334983825700,0.6874110698699950,[3]
rtc_8.xml,NMR,SUCCESS,"[[14.003072500228882, 13.758372783660889]]",29.288098335266100,0,[2]
rtc_8.xml,OCMR2-G3,SUCCESS,"[[4.692370653152466], [6.004111051559448]]",14.670786142349200,1.3875575065612800,"[1, 1]"
rtc_8.xml,OCMR2-G5,SUCCESS,"[[5.387588262557983], [9.020062923431396]]",18.85813045501710,1.4223744869232200,"[1, 1]"
rtc_8.xml,OCMR2-G10,SUCCESS,[[8.836563348770142]],11.230384826660200,0.6919279098510740,[1]
rtc_8.xml,NMR,SUCCESS,[[13.859263896942139]],15.381680965423600,0,[1]
rtc_8.xml,OCMR2-G3,SUCCESS,[[4.571089267730713]],6.447512626647950,0.70245361328125,[1]
rtc_8.xml,OCMR2-G5,SUCCESS,"[[5.240000247955322], [9.103176593780518]]",18.890143632888800,1.417682409286500,"[1, 1]"
rtc_8.xml,OCMR2-G10,SUCCESS,"[[8.749367713928223, 8.565568208694458]]",19.723554134368900,0.7219562530517580,[2]
rtc_8.xml,NMR,SUCCESS,[[14.187835693359375]],15.704486608505200,0,[1]
rtc_8.xml,OCMR2-G3,SUCCESS,"[[4.63493537902832], [6.053998231887817], [8.768381357192993], [0.0], [0.0], [0.0], [0.0]]",36.29048490524290,3.781440258026120,"[1, 1, 1, 0, 0, 0, 0]"
rtc_8.xml,OCMR2-G5,SUCCESS,[[5.165234565734863]],7.087903738021850,0.710343599319458,[1]
rtc_8.xml,OCMR2-G10,SUCCESS,"[[8.689157009124756], [13.375908613204956]]",27.29005265235900,0.7481770515441900,"[1, 1]"
rtc_9.xml,NMR,SUCCESS,"[[13.181170463562012, 12.98048710823059, 13.270084857940674]]",40.75062441825870,0,[3]
rtc_9.xml,OCMR2-G3,SUCCESS,"[[3.711947441101074, 3.618309497833252], [4.647197484970093], [5.358256578445435, 5.604723930358887]]",28.141135692596400,1.7712109088897700,"[2, 1, 2]"
rtc_9.xml,OCMR2-G5,SUCCESS,"[[4.2300865650177, 4.076527118682861, 4.358315467834473], [5.956278562545776], [7.526110649108887]]",31.901283979415900,1.7255725860595700,"[3, 1, 1]"
rtc_9.xml,OCMR2-G10,SUCCESS,[[5.643725872039795]],7.598051309585570,0.6093966960906980,[1]
rtc_9.xml,NMR,SUCCESS,"[[13.151478052139282, 12.766478538513184, 13.2965567111969]]",40.54819178581240,0,[3]
rtc_9.xml,OCMR2-G3,SUCCESS,"[[3.7189371585845947], [0.0], [0.0], [6.464585065841675], [0.0], [0.0], [0.0]]",24.678102016449000,3.4038631916046100,"[1, 0, 0, 1, 0, 0, 0]"
rtc_9.xml,OCMR2-G5,SUCCESS,"[[4.172643423080444, 4.1686859130859375], [5.767499208450317], [0.0], [12.994407892227173]]",35.508397340774500,1.762575387954710,"[2, 1, 0, 1]"
rtc_9.xml,OCMR2-G10,SUCCESS,"[[5.678856134414673, 5.740829944610596, 5.867969036102295, 5.679712295532227]]",24.918964385986300,0.6160874366760250,[4]
rtc_9.xml,NMR,SUCCESS,"[[13.01785683631897, 12.898565292358398, 13.152973890304565]]",40.38624668121340,0,[3]
rtc_9.xml,OCMR2-G3,SUCCESS,"[[3.7629828453063965], [4.720580101013184, 4.5774126052856445], [5.468203783035278, 5.6904826164245605, 5.579201698303223]]",34.98417639732360,1.7659127712249800,"[1, 2, 3]"
rtc_9.xml,OCMR2-G5,SUCCESS,"[[4.18532919883728, 4.10113000869751]]",10.002962827682500,0.623098611831665,[2]
rtc_9.xml,OCMR2-G10,SUCCESS,"[[5.740668296813965, 5.771728038787842], [0.0]]",16.11113452911380,0.6178450584411620,"[2, 0]"
rtc_9.xml,NMR,SUCCESS,"[[13.123799562454224, 12.94470500946045]]",27.4087975025177,0,[2]
rtc_9.xml,OCMR2-G3,SUCCESS,"[[3.7352347373962402, 3.6870057582855225, 3.8031399250030518, 3.7476885318756104], [4.788629531860352, 4.719042778015137]]",27.83389639854430,1.1902425289154100,"[4, 2]"
rtc_9.xml,OCMR2-G5,SUCCESS,"[[4.140110969543457, 4.113891839981079]]",9.998672723770140,0.6186740398406980,[2]
rtc_9.xml,OCMR2-G10,SUCCESS,"[[5.7584710121154785, 5.677742958068848, 6.035348653793335]]",19.379404067993200,0.6267578601837160,[3]
rtc_9.xml,NMR,SUCCESS,"[[12.983932733535767, 13.013653039932251, 13.27437424659729, 13.267796039581299, 13.02444839477539]]",66.89605927467350,0,[5]
rtc_9.xml,OCMR2-G3,SUCCESS,"[[3.693645477294922, 3.6087770462036133, 3.5588645935058594, 3.7238593101501465], [4.893229722976685, 4.849264621734619], [5.450312852859497, 5.379055023193359]]",40.37230610847470,1.7795684337616000,"[4, 2, 2]"
rtc_9.xml,OCMR2-G5,SUCCESS,"[[4.226853132247925, 4.1173179149627686], [5.669338226318359]]",17.622262716293300,1.178142786026000,"[2, 1]"
rtc_9.xml,OCMR2-G10,SUCCESS,"[[5.614877700805664, 5.62904167175293, 5.868231296539307, 5.62935733795166]]",24.699966192245500,0.6138694286346440,[4]
rtc_9.xml,NMR,SUCCESS,"[[12.942143440246582, 12.998743534088135]]",27.268492460250900,0,[2]
rtc_9.xml,OCMR2-G3,SUCCESS,"[[3.755335807800293, 3.605593204498291], [4.620051622390747], [5.565511226654053]]",22.883541345596300,1.7967443466186500,"[2, 1, 1]"
rtc_9.xml,OCMR2-G5,SUCCESS,"[[4.17550253868103, 4.071529865264893], [5.806636333465576]]",17.731107473373400,1.182682991027830,"[2, 1]"
rtc_9.xml,OCMR2-G10,SUCCESS,"[[5.662243843078613, 5.634684801101685, 5.792521715164185]]",19.033684492111200,0.6064019203186040,[3]
rtc_9.xml,NMR,SUCCESS,"[[13.022735357284546, 12.733556270599365, 13.161997556686401, 13.238513946533203, 12.900291681289673]]",66.38642263412480,0,[5]
rtc_9.xml,OCMR2-G3,SUCCESS,"[[3.6696786880493164, 3.5683367252349854], [0.0], [0.0], [0.0], [7.560837507247925]]",24.214266061782800,2.9379467964172400,"[2, 0, 0, 0, 1]"
rtc_9.xml,OCMR2-G5,SUCCESS,"[[4.223586320877075, 4.208517074584961, 4.413453578948975], [5.931244850158691], [7.6490960121154785]]",32.164355516433700,1.7579445838928200,"[3, 1, 1]"
rtc_9.xml,OCMR2-G10,SUCCESS,"[[5.720219373703003, 5.718324422836304]]",13.395087003707900,0.6170375347137450,[2]
rtc_9.xml,NMR,SUCCESS,"[[13.213817596435547, 12.927021026611328, 13.156722784042358]]",40.62862038612370,0,[3]
rtc_9.xml,OCMR2-G3,SUCCESS,"[[3.6959757804870605, 3.6003713607788086], [0.0], [5.510998487472534]]",17.910221338272100,1.749072551727300,"[2, 0, 1]"
rtc_9.xml,OCMR2-G5,SUCCESS,"[[4.203131914138794, 4.114704608917236], [5.896761417388916]]",17.834434986114500,1.2070815563201900,"[2, 1]"
rtc_9.xml,OCMR2-G10,SUCCESS,"[[5.673218727111816, 5.69831395149231, 5.938837289810181, 5.711564302444458], [12.933446407318115, 13.300989389419556, 12.844687938690186, 12.875751733779907]]",79.58610987663270,0.618504524230957,"[4, 4]"
rtc_9.xml,NMR,SUCCESS,"[[13.322555780410767, 12.931275367736816]]",27.580694913864100,0,[2]
rtc_9.xml,OCMR2-G3,SUCCESS,"[[3.76383376121521, 3.6307365894317627]]",9.05851435661316,0.6220748424530030,[2]
rtc_9.xml,OCMR2-G5,SUCCESS,"[[4.212984800338745, 4.079660415649414], [0.0], [7.401515245437622]]",21.49837875366210,1.7776715755462600,"[2, 0, 1]"
rtc_9.xml,OCMR2-G10,SUCCESS,"[[5.71767783164978, 5.673157453536987, 5.918909311294556]]",19.26872444152830,0.6239721775054930,[3]
rtc_9.xml,NMR,SUCCESS,"[[13.210017919540405, 12.940508842468262, 13.377488851547241, 13.378318309783936]]",54.246583223342900,0,[4]
rtc_9.xml,OCMR2-G3,SUCCESS,"[[3.71283221244812, 3.6735568046569824, 3.846698760986328, 3.7122933864593506], [4.76136326789856], [5.547260046005249, 5.604678392410278, 5.769428491592407], [6.557722091674805]]",50.551087617874100,2.3756957054138200,"[4, 1, 3, 1]"
rtc_9.xml,OCMR2-G5,SUCCESS,"[[4.15796422958374, 4.066169023513794], [5.815449953079224]]",17.690611362457300,1.2088868618011500,"[2, 1]"
rtc_9.xml,OCMR2-G10,SUCCESS,"[[5.6689229011535645, 5.663260221481323, 5.798144102096558, 5.688567638397217], [13.145542621612549]]",40.61886286735540,0.61464524269104,"[4, 1]"
rtc_10.xml,NMR,SUCCESS,"[[13.46914029121399, 13.238605737686157]]",28.181340217590300,0,[2]
rtc_10.xml,OCMR2-G3,SUCCESS,[[4.505671977996826]],6.331380128860470,0.6938900947570800,[1]
rtc_10.xml,OCMR2-G5,SUCCESS,[[6.516889333724976]],8.501801252365110,0.701667070388794,[1]
rtc_10.xml,OCMR2-G10,SUCCESS,[[8.490210771560669]],10.747776985168500,0.6973361968994140,[1]
